subject,source_url,evidence,registration_anchors
Level 3 / floor polygons,https://services9.arcgis.com/1rOwFRpAwrxe0rBl/arcgis/rest/services/Floors_25/SceneServer/layers/0/statistics/f_4?f=pjson,"Building 432 absent; all 5,832 values accounted for across 25 buildings.",None
Doors,https://services9.arcgis.com/1rOwFRpAwrxe0rBl/arcgis/rest/services/Doors_25/SceneServer/layers/0/statistics/f_2?f=pjson,"Building 432 absent; all 19,416 values accounted for across 24 buildings.",None
Stairs,https://services9.arcgis.com/1rOwFRpAwrxe0rBl/arcgis/rest/services/Stairway/SceneServer/layers/0/statistics/f_4?f=pjson,Building 432 absent; all 336 values accounted for across 25 buildings.,None
Stairs,https://services9.arcgis.com/1rOwFRpAwrxe0rBl/arcgis/rest/services/Stair_9/SceneServer/layers/0/statistics/f_19?f=pjson,Building 432 absent; all 347 values accounted for across 9 buildings.,None
Authenticated indoor catalog,https://gis.umd.edu/server/rest/services/Indoors?f=pjson,Anonymous response: ArcGIS 499 Token Required; no bypass attempted.,None
Iribe prototype lead,https://facilities.umd.edu/fm-staff-connect/lifefm/fm-staff-news/fms-gis-team-revolutionizing-campus-navigation,Article confirms Iribe comfort prototype but gives no viewer URL. No attributable Iribe prototype screenshot recovered.,None
Public dashboard image,https://www.arcgis.com/sharing/rest/content/items/fae9366809304a50bcd3b5bd444f7e72/data,Visually inspected Thermal Dashboard Image: outdoor campus map and gauges; no legible floor plan; not established as the Iribe prototype.,None
Exterior registration,https://services9.arcgis.com/1rOwFRpAwrxe0rBl/arcgis/rest/services/CampusMapDefault_NoInsite/FeatureServer/0,BLDG_NUM=432 returns roofline polygon OBJECTID 339; 177 vertices including closure; no floor attribution.,A/B/C/D roofline corners and T curved extremum; registration-anchors.csv; EPSG:2248 and WGS84
Elevator registration,https://services9.arcgis.com/1rOwFRpAwrxe0rBl/arcgis/rest/services/CampusServices/FeatureServer/18,"BLDG_NUM=432 returns four points; no floor, shaft name, stair, or door geometry.","E202 (-76.9365723702311,38.9892186159597); E205 (-76.9362343108002,38.9891037288555); E206 (-76.9362317303268,38.9891251435621); E209 (-76.9359669120174,38.9891900363574); longitude,latitude"
West stair Level 3 accuracy status,,No recovered public GIS geometry validates the user’s Level 3 landing estimate. Keep it classified as estimated/unverified by this lead.,No validated Level 3 stair anchor
