anchor_id,kind,label,objectid,source_vertex_index,x_2248_ft,y_2248_ft,longitude,latitude,local_east_ft,local_north_ft,floor,source_url
A,roofline_vertex,Southeast roofline corner,339,29,1330640.02869639,481573.779230401,-76.9355958620263,38.9889800224844,363.5146929200273,0.0,unspecified; roofline,https://services9.arcgis.com/1rOwFRpAwrxe0rBl/arcgis/rest/services/CampusMapDefault_NoInsite/FeatureServer/0
B,roofline_vertex,West end of straight southern roofline,339,47,1330404.43008623,481573.779230401,-76.9364247423587,38.9889804759106,127.91608275985345,0.0,unspecified; roofline,https://services9.arcgis.com/1rOwFRpAwrxe0rBl/arcgis/rest/services/CampusMapDefault_NoInsite/FeatureServer/0
C,roofline_vertex,Westernmost roofline corner,339,58,1330276.51400347,481711.539781645,-76.9368744401265,38.9893589695886,0.0,137.76055124402046,unspecified; roofline,https://services9.arcgis.com/1rOwFRpAwrxe0rBl/arcgis/rest/services/CampusMapDefault_NoInsite/FeatureServer/0
D,roofline_vertex,Easternmost roofline corner,339,26,1330651.19862156,481647.615040734,-76.9355563807505,38.989182732261,374.68461808981374,73.83581033302471,unspecified; roofline,https://services9.arcgis.com/1rOwFRpAwrxe0rBl/arcgis/rest/services/CampusMapDefault_NoInsite/FeatureServer/0
T,roofline_vertex,Northernmost sampled vertex of rounded roofline,339,161,1330524.51810063,481807.771216482,-76.9360016729703,38.9896227186754,248.00409715995193,233.99198608100414,unspecified; roofline,https://services9.arcgis.com/1rOwFRpAwrxe0rBl/arcgis/rest/services/CampusMapDefault_NoInsite/FeatureServer/0
E202,elevator_point,Public elevator point 202,202,,1330362.40851672,481660.48181289434,-76.9365723702311,38.9892186159597,85.89451324986294,86.70258249336621,not supplied,https://services9.arcgis.com/1rOwFRpAwrxe0rBl/arcgis/rest/services/CampusServices/FeatureServer/18
E205,elevator_point,Public elevator point 205,205,,1330458.5264347196,481618.7063058913,-76.9362343108002,38.9891037288555,182.01243124948815,44.927075490297284,not supplied,https://services9.arcgis.com/1rOwFRpAwrxe0rBl/arcgis/rest/services/CampusServices/FeatureServer/18
E206,elevator_point,Public elevator point 206,206,,1330459.2544516325,481626.50615906715,-76.9362317303268,38.9891251435621,182.7404481624253,52.72692866617581,not supplied,https://services9.arcgis.com/1rOwFRpAwrxe0rBl/arcgis/rest/services/CampusServices/FeatureServer/18
E209,elevator_point,Public elevator point 209,209,,1330534.5088943094,481650.1931195557,-76.9359669120174,38.9891900363574,257.9948908393271,76.41388915473362,not supplied,https://services9.arcgis.com/1rOwFRpAwrxe0rBl/arcgis/rest/services/CampusServices/FeatureServer/18
